Epoch,Batch,Name,Mesh_Vertices,Target,Points_Shape
1,1,/projects/reva/mpelissi/Dataset/ModelNet40/chair/train/chair_0125_SMPLER.obj,9390,8,"torch.Size([2048, 3])"
1,1,/projects/reva/mpelissi/Dataset/ModelNet40/sofa/train/sofa_0316_SMPLER.obj,200,30,"torch.Size([2048, 3])"
1,1,/projects/reva/mpelissi/Dataset/ModelNet40/sofa/train/sofa_0525_SMPLER.obj,17814,30,"torch.Size([2048, 3])"
1,1,/projects/reva/mpelissi/Dataset/ModelNet40/airplane/train/airplane_0043_SMPLER.obj,72105,0,"torch.Size([2048, 3])"
1,1,/projects/reva/mpelissi/Dataset/ModelNet40/bookshelf/train/bookshelf_0304_SMPLER.obj,92130,4,"torch.Size([2048, 3])"
1,1,/projects/reva/mpelissi/Dataset/ModelNet40/dresser/train/dresser_0087_SMPLER.obj,385,14,"torch.Size([2048, 3])"
1,1,/projects/reva/mpelissi/Dataset/ModelNet40/sofa/train/sofa_0540_SMPLER.obj,6580,30,"torch.Size([2048, 3])"
1,1,/projects/reva/mpelissi/Dataset/ModelNet40/bottle/train/bottle_0327_SMPLER.obj,10997,5,"torch.Size([2048, 3])"
1,1,/projects/reva/mpelissi/Dataset/ModelNet40/vase/train/vase_0283_SMPLER.obj,9212,37,"torch.Size([2048, 3])"
1,1,/projects/reva/mpelissi/Dataset/ModelNet40/night_stand/train/night_stand_0080_SMPLER.obj,16778,23,"torch.Size([2048, 3])"
1,1,/projects/reva/mpelissi/Dataset/ModelNet40/bookshelf/train/bookshelf_0367_SMPLER.obj,2210,4,"torch.Size([2048, 3])"
1,1,/projects/reva/mpelissi/Dataset/ModelNet40/lamp/train/lamp_0068_SMPLER.obj,1058,19,"torch.Size([2048, 3])"
1,1,/projects/reva/mpelissi/Dataset/ModelNet40/monitor/train/monitor_0134_SMPLER.obj,5516,22,"torch.Size([2048, 3])"
1,1,/projects/reva/mpelissi/Dataset/ModelNet40/tv_stand/train/tv_stand_0171_SMPLER.obj,24355,36,"torch.Size([2048, 3])"
1,1,/projects/reva/mpelissi/Dataset/ModelNet40/airplane/train/airplane_0426_SMPLER.obj,71197,0,"torch.Size([2048, 3])"
1,1,/projects/reva/mpelissi/Dataset/ModelNet40/bookshelf/train/bookshelf_0301_SMPLER.obj,11340,4,"torch.Size([2048, 3])"
2,1,/projects/reva/mpelissi/Dataset/ModelNet40/sofa/train/sofa_0306_SMPLER.obj,2292,30,"torch.Size([2048, 3])"
2,1,/projects/reva/mpelissi/Dataset/ModelNet40/chair/train/chair_0557_SMPLER.obj,1083,8,"torch.Size([2048, 3])"
2,1,/projects/reva/mpelissi/Dataset/ModelNet40/car/train/car_0186_SMPLER.obj,103366,7,"torch.Size([2048, 3])"
2,1,/projects/reva/mpelissi/Dataset/ModelNet40/keyboard/train/keyboard_0068_SMPLER.obj,3158,18,"torch.Size([2048, 3])"
2,1,/projects/reva/mpelissi/Dataset/ModelNet40/bottle/train/bottle_0232_SMPLER.obj,3506,5,"torch.Size([2048, 3])"
2,1,/projects/reva/mpelissi/Dataset/ModelNet40/bench/train/bench_0015_SMPLER.obj,650,3,"torch.Size([2048, 3])"
2,1,/projects/reva/mpelissi/Dataset/ModelNet40/plant/train/plant_0225_SMPLER.obj,2581,26,"torch.Size([2048, 3])"
2,1,/projects/reva/mpelissi/Dataset/ModelNet40/plant/train/plant_0133_SMPLER.obj,672,26,"torch.Size([2048, 3])"
2,1,/projects/reva/mpelissi/Dataset/ModelNet40/sink/train/sink_0092_SMPLER.obj,1899,29,"torch.Size([2048, 3])"
2,1,/projects/reva/mpelissi/Dataset/ModelNet40/bed/train/bed_0468_SMPLER.obj,7283,2,"torch.Size([2048, 3])"
2,1,/projects/reva/mpelissi/Dataset/ModelNet40/table/train/table_0279_SMPLER.obj,1666,33,"torch.Size([2048, 3])"
2,1,/projects/reva/mpelissi/Dataset/ModelNet40/door/train/door_0089_SMPLER.obj,181,13,"torch.Size([2048, 3])"
2,1,/projects/reva/mpelissi/Dataset/ModelNet40/piano/train/piano_0124_SMPLER.obj,64008,25,"torch.Size([2048, 3])"
2,1,/projects/reva/mpelissi/Dataset/ModelNet40/sofa/train/sofa_0101_SMPLER.obj,1794,30,"torch.Size([2048, 3])"
2,1,/projects/reva/mpelissi/Dataset/ModelNet40/stool/train/stool_0052_SMPLER.obj,36818,32,"torch.Size([2048, 3])"
2,1,/projects/reva/mpelissi/Dataset/ModelNet40/radio/train/radio_0007_SMPLER.obj,85739,27,"torch.Size([2048, 3])"
3,1,/projects/reva/mpelissi/Dataset/ModelNet40/vase/train/vase_0015_SMPLER.obj,48946,37,"torch.Size([2048, 3])"
3,1,/projects/reva/mpelissi/Dataset/ModelNet40/glass_box/train/glass_box_0112_SMPLER.obj,2625,16,"torch.Size([2048, 3])"
3,1,/projects/reva/mpelissi/Dataset/ModelNet40/airplane/train/airplane_0313_SMPLER.obj,53280,0,"torch.Size([2048, 3])"
3,1,/projects/reva/mpelissi/Dataset/ModelNet40/monitor/train/monitor_0084_SMPLER.obj,265,22,"torch.Size([2048, 3])"
3,1,/projects/reva/mpelissi/Dataset/ModelNet40/laptop/train/laptop_0123_SMPLER.obj,242,20,"torch.Size([2048, 3])"
3,1,/projects/reva/mpelissi/Dataset/ModelNet40/vase/train/vase_0434_SMPLER.obj,31043,37,"torch.Size([2048, 3])"
3,1,/projects/reva/mpelissi/Dataset/ModelNet40/laptop/train/laptop_0037_SMPLER.obj,3375,20,"torch.Size([2048, 3])"
3,1,/projects/reva/mpelissi/Dataset/ModelNet40/keyboard/train/keyboard_0067_SMPLER.obj,2813,18,"torch.Size([2048, 3])"
3,1,/projects/reva/mpelissi/Dataset/ModelNet40/plant/train/plant_0030_SMPLER.obj,1012,26,"torch.Size([2048, 3])"
3,1,/projects/reva/mpelissi/Dataset/ModelNet40/sofa/train/sofa_0520_SMPLER.obj,2293,30,"torch.Size([2048, 3])"
3,1,/projects/reva/mpelissi/Dataset/ModelNet40/bed/train/bed_0147_SMPLER.obj,9962,2,"torch.Size([2048, 3])"
3,1,/projects/reva/mpelissi/Dataset/ModelNet40/night_stand/train/night_stand_0199_SMPLER.obj,49163,23,"torch.Size([2048, 3])"
3,1,/projects/reva/mpelissi/Dataset/ModelNet40/piano/train/piano_0079_SMPLER.obj,12929,25,"torch.Size([2048, 3])"
3,1,/projects/reva/mpelissi/Dataset/ModelNet40/bottle/train/bottle_0169_SMPLER.obj,2739,5,"torch.Size([2048, 3])"
3,1,/projects/reva/mpelissi/Dataset/ModelNet40/range_hood/train/range_hood_0085_SMPLER.obj,1915,28,"torch.Size([2048, 3])"
3,1,/projects/reva/mpelissi/Dataset/ModelNet40/cone/train/cone_0123_SMPLER.obj,100,9,"torch.Size([2048, 3])"
4,1,/projects/reva/mpelissi/Dataset/ModelNet40/chair/train/chair_0542_SMPLER.obj,443,8,"torch.Size([2048, 3])"
4,1,/projects/reva/mpelissi/Dataset/ModelNet40/flower_pot/train/flower_pot_0138_SMPLER.obj,5089,15,"torch.Size([2048, 3])"
4,1,/projects/reva/mpelissi/Dataset/ModelNet40/monitor/train/monitor_0275_SMPLER.obj,2151,22,"torch.Size([2048, 3])"
4,1,/projects/reva/mpelissi/Dataset/ModelNet40/laptop/train/laptop_0020_SMPLER.obj,654,20,"torch.Size([2048, 3])"
4,1,/projects/reva/mpelissi/Dataset/ModelNet40/mantel/train/mantel_0040_SMPLER.obj,2084,21,"torch.Size([2048, 3])"
4,1,/projects/reva/mpelissi/Dataset/ModelNet40/tv_stand/train/tv_stand_0012_SMPLER.obj,5908,36,"torch.Size([2048, 3])"
4,1,/projects/reva/mpelissi/Dataset/ModelNet40/chair/train/chair_0813_SMPLER.obj,79948,8,"torch.Size([2048, 3])"
4,1,/projects/reva/mpelissi/Dataset/ModelNet40/airplane/train/airplane_0220_SMPLER.obj,102210,0,"torch.Size([2048, 3])"
4,1,/projects/reva/mpelissi/Dataset/ModelNet40/chair/train/chair_0429_SMPLER.obj,7662,8,"torch.Size([2048, 3])"
4,1,/projects/reva/mpelissi/Dataset/ModelNet40/bookshelf/train/bookshelf_0184_SMPLER.obj,236,4,"torch.Size([2048, 3])"
4,1,/projects/reva/mpelissi/Dataset/ModelNet40/mantel/train/mantel_0246_SMPLER.obj,6921,21,"torch.Size([2048, 3])"
4,1,/projects/reva/mpelissi/Dataset/ModelNet40/bottle/train/bottle_0282_SMPLER.obj,478,5,"torch.Size([2048, 3])"
4,1,/projects/reva/mpelissi/Dataset/ModelNet40/glass_box/train/glass_box_0110_SMPLER.obj,255,16,"torch.Size([2048, 3])"
4,1,/projects/reva/mpelissi/Dataset/ModelNet40/flower_pot/train/flower_pot_0123_SMPLER.obj,10193,15,"torch.Size([2048, 3])"
4,1,/projects/reva/mpelissi/Dataset/ModelNet40/sofa/train/sofa_0604_SMPLER.obj,12849,30,"torch.Size([2048, 3])"
4,1,/projects/reva/mpelissi/Dataset/ModelNet40/range_hood/train/range_hood_0079_SMPLER.obj,57349,28,"torch.Size([2048, 3])"
5,1,/projects/reva/mpelissi/Dataset/ModelNet40/xbox/train/xbox_0069_SMPLER.obj,6986,39,"torch.Size([2048, 3])"
5,1,/projects/reva/mpelissi/Dataset/ModelNet40/curtain/train/curtain_0082_SMPLER.obj,57093,11,"torch.Size([2048, 3])"
5,1,/projects/reva/mpelissi/Dataset/ModelNet40/chair/train/chair_0359_SMPLER.obj,32252,8,"torch.Size([2048, 3])"
5,1,/projects/reva/mpelissi/Dataset/ModelNet40/vase/train/vase_0077_SMPLER.obj,3422,37,"torch.Size([2048, 3])"
5,1,/projects/reva/mpelissi/Dataset/ModelNet40/car/train/car_0139_SMPLER.obj,104303,7,"torch.Size([2048, 3])"
5,1,/projects/reva/mpelissi/Dataset/ModelNet40/airplane/train/airplane_0189_SMPLER.obj,65986,0,"torch.Size([2048, 3])"
5,1,/projects/reva/mpelissi/Dataset/ModelNet40/table/train/table_0341_SMPLER.obj,8733,33,"torch.Size([2048, 3])"
5,1,/projects/reva/mpelissi/Dataset/ModelNet40/airplane/train/airplane_0184_SMPLER.obj,26940,0,"torch.Size([2048, 3])"
5,1,/projects/reva/mpelissi/Dataset/ModelNet40/vase/train/vase_0330_SMPLER.obj,6869,37,"torch.Size([2048, 3])"
5,1,/projects/reva/mpelissi/Dataset/ModelNet40/sink/train/sink_0083_SMPLER.obj,52901,29,"torch.Size([2048, 3])"
5,1,/projects/reva/mpelissi/Dataset/ModelNet40/bed/train/bed_0264_SMPLER.obj,698,2,"torch.Size([2048, 3])"
5,1,/projects/reva/mpelissi/Dataset/ModelNet40/range_hood/train/range_hood_0099_SMPLER.obj,1676,28,"torch.Size([2048, 3])"
5,1,/projects/reva/mpelissi/Dataset/ModelNet40/bed/train/bed_0394_SMPLER.obj,2747,2,"torch.Size([2048, 3])"
5,1,/projects/reva/mpelissi/Dataset/ModelNet40/bowl/train/bowl_0026_SMPLER.obj,28830,6,"torch.Size([2048, 3])"
5,1,/projects/reva/mpelissi/Dataset/ModelNet40/bottle/train/bottle_0063_SMPLER.obj,8138,5,"torch.Size([2048, 3])"
5,1,/projects/reva/mpelissi/Dataset/ModelNet40/bookshelf/train/bookshelf_0331_SMPLER.obj,488,4,"torch.Size([2048, 3])"
6,1,/projects/reva/mpelissi/Dataset/ModelNet40/toilet/train/toilet_0031_SMPLER.obj,5510,35,"torch.Size([2048, 3])"
6,1,/projects/reva/mpelissi/Dataset/ModelNet40/tv_stand/train/tv_stand_0229_SMPLER.obj,2264,36,"torch.Size([2048, 3])"
6,1,/projects/reva/mpelissi/Dataset/ModelNet40/bowl/train/bowl_0052_SMPLER.obj,2288,6,"torch.Size([2048, 3])"
6,1,/projects/reva/mpelissi/Dataset/ModelNet40/monitor/train/monitor_0144_SMPLER.obj,992,22,"torch.Size([2048, 3])"
6,1,/projects/reva/mpelissi/Dataset/ModelNet40/tv_stand/train/tv_stand_0059_SMPLER.obj,577,36,"torch.Size([2048, 3])"
6,1,/projects/reva/mpelissi/Dataset/ModelNet40/vase/train/vase_0033_SMPLER.obj,7294,37,"torch.Size([2048, 3])"
6,1,/projects/reva/mpelissi/Dataset/ModelNet40/sofa/train/sofa_0516_SMPLER.obj,27141,30,"torch.Size([2048, 3])"
6,1,/projects/reva/mpelissi/Dataset/ModelNet40/wardrobe/train/wardrobe_0034_SMPLER.obj,1129,38,"torch.Size([2048, 3])"
6,1,/projects/reva/mpelissi/Dataset/ModelNet40/vase/train/vase_0357_SMPLER.obj,4878,37,"torch.Size([2048, 3])"
6,1,/projects/reva/mpelissi/Dataset/ModelNet40/monitor/train/monitor_0266_SMPLER.obj,905,22,"torch.Size([2048, 3])"
6,1,/projects/reva/mpelissi/Dataset/ModelNet40/bench/train/bench_0165_SMPLER.obj,7584,3,"torch.Size([2048, 3])"
6,1,/projects/reva/mpelissi/Dataset/ModelNet40/bed/train/bed_0313_SMPLER.obj,41216,2,"torch.Size([2048, 3])"
6,1,/projects/reva/mpelissi/Dataset/ModelNet40/bottle/train/bottle_0090_SMPLER.obj,1110,5,"torch.Size([2048, 3])"
6,1,/projects/reva/mpelissi/Dataset/ModelNet40/chair/train/chair_0111_SMPLER.obj,6676,8,"torch.Size([2048, 3])"
6,1,/projects/reva/mpelissi/Dataset/ModelNet40/bowl/train/bowl_0056_SMPLER.obj,1286,6,"torch.Size([2048, 3])"
6,1,/projects/reva/mpelissi/Dataset/ModelNet40/desk/train/desk_0011_SMPLER.obj,215,12,"torch.Size([2048, 3])"
7,1,/projects/reva/mpelissi/Dataset/ModelNet40/airplane/train/airplane_0319_SMPLER.obj,61691,0,"torch.Size([2048, 3])"
7,1,/projects/reva/mpelissi/Dataset/ModelNet40/stool/train/stool_0083_SMPLER.obj,2966,32,"torch.Size([2048, 3])"
7,1,/projects/reva/mpelissi/Dataset/ModelNet40/tv_stand/train/tv_stand_0122_SMPLER.obj,262,36,"torch.Size([2048, 3])"
7,1,/projects/reva/mpelissi/Dataset/ModelNet40/mantel/train/mantel_0054_SMPLER.obj,6987,21,"torch.Size([2048, 3])"
7,1,/projects/reva/mpelissi/Dataset/ModelNet40/desk/train/desk_0199_SMPLER.obj,4405,12,"torch.Size([2048, 3])"
7,1,/projects/reva/mpelissi/Dataset/ModelNet40/bed/train/bed_0515_SMPLER.obj,8220,2,"torch.Size([2048, 3])"
7,1,/projects/reva/mpelissi/Dataset/ModelNet40/bookshelf/train/bookshelf_0518_SMPLER.obj,476,4,"torch.Size([2048, 3])"
7,1,/projects/reva/mpelissi/Dataset/ModelNet40/bed/train/bed_0276_SMPLER.obj,3830,2,"torch.Size([2048, 3])"
7,1,/projects/reva/mpelissi/Dataset/ModelNet40/table/train/table_0348_SMPLER.obj,151,33,"torch.Size([2048, 3])"
7,1,/projects/reva/mpelissi/Dataset/ModelNet40/plant/train/plant_0149_SMPLER.obj,21161,26,"torch.Size([2048, 3])"
7,1,/projects/reva/mpelissi/Dataset/ModelNet40/plant/train/plant_0020_SMPLER.obj,3057,26,"torch.Size([2048, 3])"
7,1,/projects/reva/mpelissi/Dataset/ModelNet40/airplane/train/airplane_0013_SMPLER.obj,38361,0,"torch.Size([2048, 3])"
7,1,/projects/reva/mpelissi/Dataset/ModelNet40/radio/train/radio_0045_SMPLER.obj,33085,27,"torch.Size([2048, 3])"
7,1,/projects/reva/mpelissi/Dataset/ModelNet40/tent/train/tent_0077_SMPLER.obj,17787,34,"torch.Size([2048, 3])"
7,1,/projects/reva/mpelissi/Dataset/ModelNet40/chair/train/chair_0582_SMPLER.obj,7379,8,"torch.Size([2048, 3])"
7,1,/projects/reva/mpelissi/Dataset/ModelNet40/bed/train/bed_0393_SMPLER.obj,2482,2,"torch.Size([2048, 3])"
8,1,/projects/reva/mpelissi/Dataset/ModelNet40/lamp/train/lamp_0122_SMPLER.obj,1458,19,"torch.Size([2048, 3])"
8,1,/projects/reva/mpelissi/Dataset/ModelNet40/glass_box/train/glass_box_0087_SMPLER.obj,1156,16,"torch.Size([2048, 3])"
8,1,/projects/reva/mpelissi/Dataset/ModelNet40/lamp/train/lamp_0118_SMPLER.obj,7276,19,"torch.Size([2048, 3])"
8,1,/projects/reva/mpelissi/Dataset/ModelNet40/sink/train/sink_0092_SMPLER.obj,1899,29,"torch.Size([2048, 3])"
8,1,/projects/reva/mpelissi/Dataset/ModelNet40/bed/train/bed_0061_SMPLER.obj,3393,2,"torch.Size([2048, 3])"
8,1,/projects/reva/mpelissi/Dataset/ModelNet40/laptop/train/laptop_0022_SMPLER.obj,124,20,"torch.Size([2048, 3])"
8,1,/projects/reva/mpelissi/Dataset/ModelNet40/guitar/train/guitar_0076_SMPLER.obj,6663,17,"torch.Size([2048, 3])"
8,1,/projects/reva/mpelissi/Dataset/ModelNet40/bed/train/bed_0033_SMPLER.obj,13102,2,"torch.Size([2048, 3])"
8,1,/projects/reva/mpelissi/Dataset/ModelNet40/sofa/train/sofa_0106_SMPLER.obj,13171,30,"torch.Size([2048, 3])"
8,1,/projects/reva/mpelissi/Dataset/ModelNet40/vase/train/vase_0166_SMPLER.obj,2942,37,"torch.Size([2048, 3])"
8,1,/projects/reva/mpelissi/Dataset/ModelNet40/guitar/train/guitar_0133_SMPLER.obj,37698,17,"torch.Size([2048, 3])"
8,1,/projects/reva/mpelissi/Dataset/ModelNet40/table/train/table_0252_SMPLER.obj,320,33,"torch.Size([2048, 3])"
8,1,/projects/reva/mpelissi/Dataset/ModelNet40/bottle/train/bottle_0152_SMPLER.obj,3820,5,"torch.Size([2048, 3])"
8,1,/projects/reva/mpelissi/Dataset/ModelNet40/airplane/train/airplane_0101_SMPLER.obj,49470,0,"torch.Size([2048, 3])"
8,1,/projects/reva/mpelissi/Dataset/ModelNet40/sink/train/sink_0122_SMPLER.obj,10286,29,"torch.Size([2048, 3])"
8,1,/projects/reva/mpelissi/Dataset/ModelNet40/mantel/train/mantel_0268_SMPLER.obj,4205,21,"torch.Size([2048, 3])"
9,1,/projects/reva/mpelissi/Dataset/ModelNet40/dresser/train/dresser_0110_SMPLER.obj,210,14,"torch.Size([2048, 3])"
9,1,/projects/reva/mpelissi/Dataset/ModelNet40/monitor/train/monitor_0249_SMPLER.obj,204,22,"torch.Size([2048, 3])"
9,1,/projects/reva/mpelissi/Dataset/ModelNet40/bottle/train/bottle_0212_SMPLER.obj,1680,5,"torch.Size([2048, 3])"
9,1,/projects/reva/mpelissi/Dataset/ModelNet40/bookshelf/train/bookshelf_0447_SMPLER.obj,509,4,"torch.Size([2048, 3])"
9,1,/projects/reva/mpelissi/Dataset/ModelNet40/chair/train/chair_0655_SMPLER.obj,2686,8,"torch.Size([2048, 3])"
9,1,/projects/reva/mpelissi/Dataset/ModelNet40/cone/train/cone_0119_SMPLER.obj,288,9,"torch.Size([2048, 3])"
9,1,/projects/reva/mpelissi/Dataset/ModelNet40/toilet/train/toilet_0167_SMPLER.obj,29148,35,"torch.Size([2048, 3])"
9,1,/projects/reva/mpelissi/Dataset/ModelNet40/tv_stand/train/tv_stand_0091_SMPLER.obj,4776,36,"torch.Size([2048, 3])"
9,1,/projects/reva/mpelissi/Dataset/ModelNet40/vase/train/vase_0277_SMPLER.obj,2328,37,"torch.Size([2048, 3])"
9,1,/projects/reva/mpelissi/Dataset/ModelNet40/plant/train/plant_0056_SMPLER.obj,2600,26,"torch.Size([2048, 3])"
9,1,/projects/reva/mpelissi/Dataset/ModelNet40/cone/train/cone_0054_SMPLER.obj,240,9,"torch.Size([2048, 3])"
9,1,/projects/reva/mpelissi/Dataset/ModelNet40/airplane/train/airplane_0135_SMPLER.obj,45351,0,"torch.Size([2048, 3])"
9,1,/projects/reva/mpelissi/Dataset/ModelNet40/dresser/train/dresser_0056_SMPLER.obj,4776,14,"torch.Size([2048, 3])"
9,1,/projects/reva/mpelissi/Dataset/ModelNet40/person/train/person_0067_SMPLER.obj,8703,24,"torch.Size([2048, 3])"
9,1,/projects/reva/mpelissi/Dataset/ModelNet40/tv_stand/train/tv_stand_0057_SMPLER.obj,17498,36,"torch.Size([2048, 3])"
9,1,/projects/reva/mpelissi/Dataset/ModelNet40/airplane/train/airplane_0275_SMPLER.obj,22603,0,"torch.Size([2048, 3])"
10,1,/projects/reva/mpelissi/Dataset/ModelNet40/glass_box/train/glass_box_0114_SMPLER.obj,593,16,"torch.Size([2048, 3])"
10,1,/projects/reva/mpelissi/Dataset/ModelNet40/person/train/person_0010_SMPLER.obj,4808,24,"torch.Size([2048, 3])"
10,1,/projects/reva/mpelissi/Dataset/ModelNet40/range_hood/train/range_hood_0053_SMPLER.obj,2104,28,"torch.Size([2048, 3])"
10,1,/projects/reva/mpelissi/Dataset/ModelNet40/bench/train/bench_0038_SMPLER.obj,3527,3,"torch.Size([2048, 3])"
10,1,/projects/reva/mpelissi/Dataset/ModelNet40/tv_stand/train/tv_stand_0034_SMPLER.obj,1932,36,"torch.Size([2048, 3])"
10,1,/projects/reva/mpelissi/Dataset/ModelNet40/monitor/train/monitor_0340_SMPLER.obj,667,22,"torch.Size([2048, 3])"
10,1,/projects/reva/mpelissi/Dataset/ModelNet40/bookshelf/train/bookshelf_0275_SMPLER.obj,8914,4,"torch.Size([2048, 3])"
10,1,/projects/reva/mpelissi/Dataset/ModelNet40/desk/train/desk_0035_SMPLER.obj,5177,12,"torch.Size([2048, 3])"
10,1,/projects/reva/mpelissi/Dataset/ModelNet40/dresser/train/dresser_0046_SMPLER.obj,240,14,"torch.Size([2048, 3])"
10,1,/projects/reva/mpelissi/Dataset/ModelNet40/wardrobe/train/wardrobe_0042_SMPLER.obj,7794,38,"torch.Size([2048, 3])"
10,1,/projects/reva/mpelissi/Dataset/ModelNet40/sofa/train/sofa_0648_SMPLER.obj,739,30,"torch.Size([2048, 3])"
10,1,/projects/reva/mpelissi/Dataset/ModelNet40/bookshelf/train/bookshelf_0339_SMPLER.obj,471,4,"torch.Size([2048, 3])"
10,1,/projects/reva/mpelissi/Dataset/ModelNet40/tent/train/tent_0046_SMPLER.obj,107,34,"torch.Size([2048, 3])"
10,1,/projects/reva/mpelissi/Dataset/ModelNet40/glass_box/train/glass_box_0164_SMPLER.obj,3611,16,"torch.Size([2048, 3])"
10,1,/projects/reva/mpelissi/Dataset/ModelNet40/laptop/train/laptop_0088_SMPLER.obj,102,20,"torch.Size([2048, 3])"
10,1,/projects/reva/mpelissi/Dataset/ModelNet40/piano/train/piano_0102_SMPLER.obj,8605,25,"torch.Size([2048, 3])"
11,1,/projects/reva/mpelissi/Dataset/ModelNet40/lamp/train/lamp_0079_SMPLER.obj,24695,19,"torch.Size([2048, 3])"
11,1,/projects/reva/mpelissi/Dataset/ModelNet40/sofa/train/sofa_0231_SMPLER.obj,244,30,"torch.Size([2048, 3])"
11,1,/projects/reva/mpelissi/Dataset/ModelNet40/cone/train/cone_0123_SMPLER.obj,100,9,"torch.Size([2048, 3])"
11,1,/projects/reva/mpelissi/Dataset/ModelNet40/airplane/train/airplane_0356_SMPLER.obj,79850,0,"torch.Size([2048, 3])"
11,1,/projects/reva/mpelissi/Dataset/ModelNet40/table/train/table_0368_SMPLER.obj,8677,33,"torch.Size([2048, 3])"
11,1,/projects/reva/mpelissi/Dataset/ModelNet40/bookshelf/train/bookshelf_0302_SMPLER.obj,1297,4,"torch.Size([2048, 3])"
11,1,/projects/reva/mpelissi/Dataset/ModelNet40/sofa/train/sofa_0566_SMPLER.obj,1904,30,"torch.Size([2048, 3])"
11,1,/projects/reva/mpelissi/Dataset/ModelNet40/sink/train/sink_0108_SMPLER.obj,9025,29,"torch.Size([2048, 3])"
11,1,/projects/reva/mpelissi/Dataset/ModelNet40/stairs/train/stairs_0015_SMPLER.obj,4296,31,"torch.Size([2048, 3])"
11,1,/projects/reva/mpelissi/Dataset/ModelNet40/bookshelf/train/bookshelf_0375_SMPLER.obj,120,4,"torch.Size([2048, 3])"
11,1,/projects/reva/mpelissi/Dataset/ModelNet40/toilet/train/toilet_0303_SMPLER.obj,5893,35,"torch.Size([2048, 3])"
11,1,/projects/reva/mpelissi/Dataset/ModelNet40/vase/train/vase_0134_SMPLER.obj,13680,37,"torch.Size([2048, 3])"
11,1,/projects/reva/mpelissi/Dataset/ModelNet40/sofa/train/sofa_0086_SMPLER.obj,4017,30,"torch.Size([2048, 3])"
11,1,/projects/reva/mpelissi/Dataset/ModelNet40/chair/train/chair_0742_SMPLER.obj,1636,8,"torch.Size([2048, 3])"
11,1,/projects/reva/mpelissi/Dataset/ModelNet40/monitor/train/monitor_0412_SMPLER.obj,1771,22,"torch.Size([2048, 3])"
11,1,/projects/reva/mpelissi/Dataset/ModelNet40/night_stand/train/night_stand_0021_SMPLER.obj,1976,23,"torch.Size([2048, 3])"
12,1,/projects/reva/mpelissi/Dataset/ModelNet40/bookshelf/train/bookshelf_0148_SMPLER.obj,6696,4,"torch.Size([2048, 3])"
12,1,/projects/reva/mpelissi/Dataset/ModelNet40/lamp/train/lamp_0096_SMPLER.obj,12545,19,"torch.Size([2048, 3])"
12,1,/projects/reva/mpelissi/Dataset/ModelNet40/radio/train/radio_0065_SMPLER.obj,38958,27,"torch.Size([2048, 3])"
12,1,/projects/reva/mpelissi/Dataset/ModelNet40/sofa/train/sofa_0230_SMPLER.obj,52075,30,"torch.Size([2048, 3])"
12,1,/projects/reva/mpelissi/Dataset/ModelNet40/chair/train/chair_0134_SMPLER.obj,18970,8,"torch.Size([2048, 3])"
12,1,/projects/reva/mpelissi/Dataset/ModelNet40/airplane/train/airplane_0092_SMPLER.obj,33941,0,"torch.Size([2048, 3])"
12,1,/projects/reva/mpelissi/Dataset/ModelNet40/bed/train/bed_0025_SMPLER.obj,94460,2,"torch.Size([2048, 3])"
12,1,/projects/reva/mpelissi/Dataset/ModelNet40/piano/train/piano_0109_SMPLER.obj,1398,25,"torch.Size([2048, 3])"
12,1,/projects/reva/mpelissi/Dataset/ModelNet40/desk/train/desk_0147_SMPLER.obj,3547,12,"torch.Size([2048, 3])"
12,1,/projects/reva/mpelissi/Dataset/ModelNet40/lamp/train/lamp_0073_SMPLER.obj,11302,19,"torch.Size([2048, 3])"
12,1,/projects/reva/mpelissi/Dataset/ModelNet40/bed/train/bed_0110_SMPLER.obj,318,2,"torch.Size([2048, 3])"
12,1,/projects/reva/mpelissi/Dataset/ModelNet40/tv_stand/train/tv_stand_0025_SMPLER.obj,212,36,"torch.Size([2048, 3])"
12,1,/projects/reva/mpelissi/Dataset/ModelNet40/tent/train/tent_0101_SMPLER.obj,734,34,"torch.Size([2048, 3])"
12,1,/projects/reva/mpelissi/Dataset/ModelNet40/sofa/train/sofa_0015_SMPLER.obj,29753,30,"torch.Size([2048, 3])"
12,1,/projects/reva/mpelissi/Dataset/ModelNet40/night_stand/train/night_stand_0142_SMPLER.obj,8657,23,"torch.Size([2048, 3])"
12,1,/projects/reva/mpelissi/Dataset/ModelNet40/bathtub/train/bathtub_0032_SMPLER.obj,1093,1,"torch.Size([2048, 3])"
13,1,/projects/reva/mpelissi/Dataset/ModelNet40/chair/train/chair_0510_SMPLER.obj,68881,8,"torch.Size([2048, 3])"
13,1,/projects/reva/mpelissi/Dataset/ModelNet40/bookshelf/train/bookshelf_0561_SMPLER.obj,1904,4,"torch.Size([2048, 3])"
13,1,/projects/reva/mpelissi/Dataset/ModelNet40/bed/train/bed_0390_SMPLER.obj,2046,2,"torch.Size([2048, 3])"
13,1,/projects/reva/mpelissi/Dataset/ModelNet40/chair/train/chair_0614_SMPLER.obj,1098,8,"torch.Size([2048, 3])"
13,1,/projects/reva/mpelissi/Dataset/ModelNet40/airplane/train/airplane_0599_SMPLER.obj,47031,0,"torch.Size([2048, 3])"
13,1,/projects/reva/mpelissi/Dataset/ModelNet40/lamp/train/lamp_0032_SMPLER.obj,672,19,"torch.Size([2048, 3])"
13,1,/projects/reva/mpelissi/Dataset/ModelNet40/radio/train/radio_0025_SMPLER.obj,12555,27,"torch.Size([2048, 3])"
13,1,/projects/reva/mpelissi/Dataset/ModelNet40/monitor/train/monitor_0233_SMPLER.obj,5169,22,"torch.Size([2048, 3])"
13,1,/projects/reva/mpelissi/Dataset/ModelNet40/tv_stand/train/tv_stand_0155_SMPLER.obj,88776,36,"torch.Size([2048, 3])"
13,1,/projects/reva/mpelissi/Dataset/ModelNet40/xbox/train/xbox_0002_SMPLER.obj,16914,39,"torch.Size([2048, 3])"
13,1,/projects/reva/mpelissi/Dataset/ModelNet40/night_stand/train/night_stand_0108_SMPLER.obj,382,23,"torch.Size([2048, 3])"
13,1,/projects/reva/mpelissi/Dataset/ModelNet40/laptop/train/laptop_0105_SMPLER.obj,321,20,"torch.Size([2048, 3])"
13,1,/projects/reva/mpelissi/Dataset/ModelNet40/mantel/train/mantel_0129_SMPLER.obj,6428,21,"torch.Size([2048, 3])"
13,1,/projects/reva/mpelissi/Dataset/ModelNet40/flower_pot/train/flower_pot_0009_SMPLER.obj,264,15,"torch.Size([2048, 3])"
13,1,/projects/reva/mpelissi/Dataset/ModelNet40/sofa/train/sofa_0486_SMPLER.obj,475,30,"torch.Size([2048, 3])"
13,1,/projects/reva/mpelissi/Dataset/ModelNet40/mantel/train/mantel_0091_SMPLER.obj,1844,21,"torch.Size([2048, 3])"
14,1,/projects/reva/mpelissi/Dataset/ModelNet40/monitor/train/monitor_0028_SMPLER.obj,2734,22,"torch.Size([2048, 3])"
14,1,/projects/reva/mpelissi/Dataset/ModelNet40/xbox/train/xbox_0038_SMPLER.obj,3423,39,"torch.Size([2048, 3])"
14,1,/projects/reva/mpelissi/Dataset/ModelNet40/stairs/train/stairs_0006_SMPLER.obj,1235,31,"torch.Size([2048, 3])"
14,1,/projects/reva/mpelissi/Dataset/ModelNet40/mantel/train/mantel_0202_SMPLER.obj,4618,21,"torch.Size([2048, 3])"
14,1,/projects/reva/mpelissi/Dataset/ModelNet40/vase/train/vase_0341_SMPLER.obj,1176,37,"torch.Size([2048, 3])"
14,1,/projects/reva/mpelissi/Dataset/ModelNet40/sofa/train/sofa_0237_SMPLER.obj,33820,30,"torch.Size([2048, 3])"
14,1,/projects/reva/mpelissi/Dataset/ModelNet40/plant/train/plant_0116_SMPLER.obj,53165,26,"torch.Size([2048, 3])"
14,1,/projects/reva/mpelissi/Dataset/ModelNet40/bottle/train/bottle_0199_SMPLER.obj,1730,5,"torch.Size([2048, 3])"
14,1,/projects/reva/mpelissi/Dataset/ModelNet40/vase/train/vase_0272_SMPLER.obj,1074,37,"torch.Size([2048, 3])"
14,1,/projects/reva/mpelissi/Dataset/ModelNet40/cone/train/cone_0071_SMPLER.obj,194,9,"torch.Size([2048, 3])"
14,1,/projects/reva/mpelissi/Dataset/ModelNet40/person/train/person_0039_SMPLER.obj,7318,24,"torch.Size([2048, 3])"
14,1,/projects/reva/mpelissi/Dataset/ModelNet40/xbox/train/xbox_0072_SMPLER.obj,5583,39,"torch.Size([2048, 3])"
14,1,/projects/reva/mpelissi/Dataset/ModelNet40/airplane/train/airplane_0047_SMPLER.obj,51495,0,"torch.Size([2048, 3])"
14,1,/projects/reva/mpelissi/Dataset/ModelNet40/sofa/train/sofa_0450_SMPLER.obj,12750,30,"torch.Size([2048, 3])"
14,1,/projects/reva/mpelissi/Dataset/ModelNet40/bathtub/train/bathtub_0096_SMPLER.obj,35557,1,"torch.Size([2048, 3])"
14,1,/projects/reva/mpelissi/Dataset/ModelNet40/curtain/train/curtain_0128_SMPLER.obj,1478,11,"torch.Size([2048, 3])"
15,1,/projects/reva/mpelissi/Dataset/ModelNet40/toilet/train/toilet_0056_SMPLER.obj,40150,35,"torch.Size([2048, 3])"
15,1,/projects/reva/mpelissi/Dataset/ModelNet40/bed/train/bed_0210_SMPLER.obj,1230,2,"torch.Size([2048, 3])"
15,1,/projects/reva/mpelissi/Dataset/ModelNet40/stairs/train/stairs_0041_SMPLER.obj,238,31,"torch.Size([2048, 3])"
15,1,/projects/reva/mpelissi/Dataset/ModelNet40/bed/train/bed_0440_SMPLER.obj,26057,2,"torch.Size([2048, 3])"
15,1,/projects/reva/mpelissi/Dataset/ModelNet40/table/train/table_0062_SMPLER.obj,3480,33,"torch.Size([2048, 3])"
15,1,/projects/reva/mpelissi/Dataset/ModelNet40/desk/train/desk_0149_SMPLER.obj,439,12,"torch.Size([2048, 3])"
15,1,/projects/reva/mpelissi/Dataset/ModelNet40/curtain/train/curtain_0092_SMPLER.obj,38125,11,"torch.Size([2048, 3])"
15,1,/projects/reva/mpelissi/Dataset/ModelNet40/flower_pot/train/flower_pot_0050_SMPLER.obj,7338,15,"torch.Size([2048, 3])"
15,1,/projects/reva/mpelissi/Dataset/ModelNet40/chair/train/chair_0066_SMPLER.obj,1507,8,"torch.Size([2048, 3])"
15,1,/projects/reva/mpelissi/Dataset/ModelNet40/tv_stand/train/tv_stand_0265_SMPLER.obj,867,36,"torch.Size([2048, 3])"
15,1,/projects/reva/mpelissi/Dataset/ModelNet40/toilet/train/toilet_0261_SMPLER.obj,9481,35,"torch.Size([2048, 3])"
15,1,/projects/reva/mpelissi/Dataset/ModelNet40/bookshelf/train/bookshelf_0212_SMPLER.obj,143,4,"torch.Size([2048, 3])"
15,1,/projects/reva/mpelissi/Dataset/ModelNet40/glass_box/train/glass_box_0111_SMPLER.obj,24,16,"torch.Size([2048, 3])"
15,1,/projects/reva/mpelissi/Dataset/ModelNet40/curtain/train/curtain_0107_SMPLER.obj,9615,11,"torch.Size([2048, 3])"
15,1,/projects/reva/mpelissi/Dataset/ModelNet40/table/train/table_0107_SMPLER.obj,3830,33,"torch.Size([2048, 3])"
15,1,/projects/reva/mpelissi/Dataset/ModelNet40/cone/train/cone_0059_SMPLER.obj,430,9,"torch.Size([2048, 3])"
16,1,/projects/reva/mpelissi/Dataset/ModelNet40/lamp/train/lamp_0091_SMPLER.obj,11946,19,"torch.Size([2048, 3])"
16,1,/projects/reva/mpelissi/Dataset/ModelNet40/night_stand/train/night_stand_0113_SMPLER.obj,753,23,"torch.Size([2048, 3])"
16,1,/projects/reva/mpelissi/Dataset/ModelNet40/bottle/train/bottle_0053_SMPLER.obj,46072,5,"torch.Size([2048, 3])"
16,1,/projects/reva/mpelissi/Dataset/ModelNet40/bed/train/bed_0353_SMPLER.obj,1321,2,"torch.Size([2048, 3])"
16,1,/projects/reva/mpelissi/Dataset/ModelNet40/airplane/train/airplane_0194_SMPLER.obj,4220,0,"torch.Size([2048, 3])"
16,1,/projects/reva/mpelissi/Dataset/ModelNet40/bench/train/bench_0009_SMPLER.obj,60775,3,"torch.Size([2048, 3])"
16,1,/projects/reva/mpelissi/Dataset/ModelNet40/bookshelf/train/bookshelf_0374_SMPLER.obj,582,4,"torch.Size([2048, 3])"
16,1,/projects/reva/mpelissi/Dataset/ModelNet40/monitor/train/monitor_0019_SMPLER.obj,3389,22,"torch.Size([2048, 3])"
16,1,/projects/reva/mpelissi/Dataset/ModelNet40/vase/train/vase_0119_SMPLER.obj,2616,37,"torch.Size([2048, 3])"
16,1,/projects/reva/mpelissi/Dataset/ModelNet40/mantel/train/mantel_0206_SMPLER.obj,4683,21,"torch.Size([2048, 3])"
16,1,/projects/reva/mpelissi/Dataset/ModelNet40/chair/train/chair_0110_SMPLER.obj,48742,8,"torch.Size([2048, 3])"
16,1,/projects/reva/mpelissi/Dataset/ModelNet40/monitor/train/monitor_0052_SMPLER.obj,22738,22,"torch.Size([2048, 3])"
16,1,/projects/reva/mpelissi/Dataset/ModelNet40/chair/train/chair_0656_SMPLER.obj,154,8,"torch.Size([2048, 3])"
16,1,/projects/reva/mpelissi/Dataset/ModelNet40/door/train/door_0090_SMPLER.obj,508,13,"torch.Size([2048, 3])"
16,1,/projects/reva/mpelissi/Dataset/ModelNet40/car/train/car_0003_SMPLER.obj,21552,7,"torch.Size([2048, 3])"
16,1,/projects/reva/mpelissi/Dataset/ModelNet40/sofa/train/sofa_0196_SMPLER.obj,55910,30,"torch.Size([2048, 3])"
17,1,/projects/reva/mpelissi/Dataset/ModelNet40/bottle/train/bottle_0274_SMPLER.obj,3966,5,"torch.Size([2048, 3])"
17,1,/projects/reva/mpelissi/Dataset/ModelNet40/bed/train/bed_0060_SMPLER.obj,15653,2,"torch.Size([2048, 3])"
17,1,/projects/reva/mpelissi/Dataset/ModelNet40/airplane/train/airplane_0025_SMPLER.obj,82468,0,"torch.Size([2048, 3])"
17,1,/projects/reva/mpelissi/Dataset/ModelNet40/desk/train/desk_0185_SMPLER.obj,9683,12,"torch.Size([2048, 3])"
17,1,/projects/reva/mpelissi/Dataset/ModelNet40/flower_pot/train/flower_pot_0022_SMPLER.obj,353,15,"torch.Size([2048, 3])"
17,1,/projects/reva/mpelissi/Dataset/ModelNet40/vase/train/vase_0456_SMPLER.obj,504,37,"torch.Size([2048, 3])"
17,1,/projects/reva/mpelissi/Dataset/ModelNet40/wardrobe/train/wardrobe_0062_SMPLER.obj,3924,38,"torch.Size([2048, 3])"
17,1,/projects/reva/mpelissi/Dataset/ModelNet40/desk/train/desk_0095_SMPLER.obj,150,12,"torch.Size([2048, 3])"
17,1,/projects/reva/mpelissi/Dataset/ModelNet40/curtain/train/curtain_0049_SMPLER.obj,8483,11,"torch.Size([2048, 3])"
17,1,/projects/reva/mpelissi/Dataset/ModelNet40/airplane/train/airplane_0314_SMPLER.obj,79945,0,"torch.Size([2048, 3])"
17,1,/projects/reva/mpelissi/Dataset/ModelNet40/toilet/train/toilet_0162_SMPLER.obj,18216,35,"torch.Size([2048, 3])"
17,1,/projects/reva/mpelissi/Dataset/ModelNet40/xbox/train/xbox_0076_SMPLER.obj,13913,39,"torch.Size([2048, 3])"
17,1,/projects/reva/mpelissi/Dataset/ModelNet40/table/train/table_0243_SMPLER.obj,1203,33,"torch.Size([2048, 3])"
17,1,/projects/reva/mpelissi/Dataset/ModelNet40/dresser/train/dresser_0009_SMPLER.obj,1374,14,"torch.Size([2048, 3])"
17,1,/projects/reva/mpelissi/Dataset/ModelNet40/tent/train/tent_0081_SMPLER.obj,12577,34,"torch.Size([2048, 3])"
17,1,/projects/reva/mpelissi/Dataset/ModelNet40/bed/train/bed_0022_SMPLER.obj,52154,2,"torch.Size([2048, 3])"
18,1,/projects/reva/mpelissi/Dataset/ModelNet40/airplane/train/airplane_0236_SMPLER.obj,41928,0,"torch.Size([2048, 3])"
18,1,/projects/reva/mpelissi/Dataset/ModelNet40/table/train/table_0052_SMPLER.obj,584,33,"torch.Size([2048, 3])"
18,1,/projects/reva/mpelissi/Dataset/ModelNet40/airplane/train/airplane_0502_SMPLER.obj,30199,0,"torch.Size([2048, 3])"
18,1,/projects/reva/mpelissi/Dataset/ModelNet40/monitor/train/monitor_0290_SMPLER.obj,259,22,"torch.Size([2048, 3])"
18,1,/projects/reva/mpelissi/Dataset/ModelNet40/bowl/train/bowl_0053_SMPLER.obj,1826,6,"torch.Size([2048, 3])"
18,1,/projects/reva/mpelissi/Dataset/ModelNet40/chair/train/chair_0827_SMPLER.obj,5547,8,"torch.Size([2048, 3])"
18,1,/projects/reva/mpelissi/Dataset/ModelNet40/piano/train/piano_0074_SMPLER.obj,34161,25,"torch.Size([2048, 3])"
18,1,/projects/reva/mpelissi/Dataset/ModelNet40/laptop/train/laptop_0026_SMPLER.obj,292,20,"torch.Size([2048, 3])"
18,1,/projects/reva/mpelissi/Dataset/ModelNet40/airplane/train/airplane_0546_SMPLER.obj,40973,0,"torch.Size([2048, 3])"
18,1,/projects/reva/mpelissi/Dataset/ModelNet40/monitor/train/monitor_0284_SMPLER.obj,912,22,"torch.Size([2048, 3])"
18,1,/projects/reva/mpelissi/Dataset/ModelNet40/bed/train/bed_0129_SMPLER.obj,968,2,"torch.Size([2048, 3])"
18,1,/projects/reva/mpelissi/Dataset/ModelNet40/table/train/table_0197_SMPLER.obj,1678,33,"torch.Size([2048, 3])"
18,1,/projects/reva/mpelissi/Dataset/ModelNet40/flower_pot/train/flower_pot_0010_SMPLER.obj,76,15,"torch.Size([2048, 3])"
18,1,/projects/reva/mpelissi/Dataset/ModelNet40/chair/train/chair_0880_SMPLER.obj,514,8,"torch.Size([2048, 3])"
18,1,/projects/reva/mpelissi/Dataset/ModelNet40/laptop/train/laptop_0121_SMPLER.obj,87,20,"torch.Size([2048, 3])"
18,1,/projects/reva/mpelissi/Dataset/ModelNet40/chair/train/chair_0134_SMPLER.obj,18970,8,"torch.Size([2048, 3])"
19,1,/projects/reva/mpelissi/Dataset/ModelNet40/cone/train/cone_0005_SMPLER.obj,48,9,"torch.Size([2048, 3])"
19,1,/projects/reva/mpelissi/Dataset/ModelNet40/airplane/train/airplane_0517_SMPLER.obj,19924,0,"torch.Size([2048, 3])"
19,1,/projects/reva/mpelissi/Dataset/ModelNet40/vase/train/vase_0389_SMPLER.obj,81,37,"torch.Size([2048, 3])"
19,1,/projects/reva/mpelissi/Dataset/ModelNet40/plant/train/plant_0088_SMPLER.obj,28689,26,"torch.Size([2048, 3])"
19,1,/projects/reva/mpelissi/Dataset/ModelNet40/vase/train/vase_0102_SMPLER.obj,1632,37,"torch.Size([2048, 3])"
19,1,/projects/reva/mpelissi/Dataset/ModelNet40/table/train/table_0347_SMPLER.obj,565,33,"torch.Size([2048, 3])"
19,1,/projects/reva/mpelissi/Dataset/ModelNet40/bookshelf/train/bookshelf_0012_SMPLER.obj,5066,4,"torch.Size([2048, 3])"
19,1,/projects/reva/mpelissi/Dataset/ModelNet40/laptop/train/laptop_0140_SMPLER.obj,32,20,"torch.Size([2048, 3])"
19,1,/projects/reva/mpelissi/Dataset/ModelNet40/radio/train/radio_0101_SMPLER.obj,23130,27,"torch.Size([2048, 3])"
19,1,/projects/reva/mpelissi/Dataset/ModelNet40/bookshelf/train/bookshelf_0379_SMPLER.obj,430,4,"torch.Size([2048, 3])"
19,1,/projects/reva/mpelissi/Dataset/ModelNet40/bookshelf/train/bookshelf_0477_SMPLER.obj,585,4,"torch.Size([2048, 3])"
19,1,/projects/reva/mpelissi/Dataset/ModelNet40/tv_stand/train/tv_stand_0097_SMPLER.obj,5832,36,"torch.Size([2048, 3])"
19,1,/projects/reva/mpelissi/Dataset/ModelNet40/bottle/train/bottle_0100_SMPLER.obj,1488,5,"torch.Size([2048, 3])"
19,1,/projects/reva/mpelissi/Dataset/ModelNet40/bookshelf/train/bookshelf_0010_SMPLER.obj,3222,4,"torch.Size([2048, 3])"
19,1,/projects/reva/mpelissi/Dataset/ModelNet40/bowl/train/bowl_0032_SMPLER.obj,365,6,"torch.Size([2048, 3])"
19,1,/projects/reva/mpelissi/Dataset/ModelNet40/bench/train/bench_0104_SMPLER.obj,139,3,"torch.Size([2048, 3])"
20,1,/projects/reva/mpelissi/Dataset/ModelNet40/bottle/train/bottle_0199_SMPLER.obj,1730,5,"torch.Size([2048, 3])"
20,1,/projects/reva/mpelissi/Dataset/ModelNet40/plant/train/plant_0016_SMPLER.obj,37535,26,"torch.Size([2048, 3])"
20,1,/projects/reva/mpelissi/Dataset/ModelNet40/airplane/train/airplane_0373_SMPLER.obj,75600,0,"torch.Size([2048, 3])"
20,1,/projects/reva/mpelissi/Dataset/ModelNet40/bottle/train/bottle_0335_SMPLER.obj,10694,5,"torch.Size([2048, 3])"
20,1,/projects/reva/mpelissi/Dataset/ModelNet40/bench/train/bench_0143_SMPLER.obj,1697,3,"torch.Size([2048, 3])"
20,1,/projects/reva/mpelissi/Dataset/ModelNet40/chair/train/chair_0327_SMPLER.obj,8260,8,"torch.Size([2048, 3])"
20,1,/projects/reva/mpelissi/Dataset/ModelNet40/lamp/train/lamp_0022_SMPLER.obj,2964,19,"torch.Size([2048, 3])"
20,1,/projects/reva/mpelissi/Dataset/ModelNet40/person/train/person_0017_SMPLER.obj,14130,24,"torch.Size([2048, 3])"
20,1,/projects/reva/mpelissi/Dataset/ModelNet40/guitar/train/guitar_0132_SMPLER.obj,543,17,"torch.Size([2048, 3])"
20,1,/projects/reva/mpelissi/Dataset/ModelNet40/bed/train/bed_0082_SMPLER.obj,7990,2,"torch.Size([2048, 3])"
20,1,/projects/reva/mpelissi/Dataset/ModelNet40/flower_pot/train/flower_pot_0025_SMPLER.obj,2357,15,"torch.Size([2048, 3])"
20,1,/projects/reva/mpelissi/Dataset/ModelNet40/monitor/train/monitor_0248_SMPLER.obj,713,22,"torch.Size([2048, 3])"
20,1,/projects/reva/mpelissi/Dataset/ModelNet40/night_stand/train/night_stand_0143_SMPLER.obj,412,23,"torch.Size([2048, 3])"
20,1,/projects/reva/mpelissi/Dataset/ModelNet40/chair/train/chair_0335_SMPLER.obj,3497,8,"torch.Size([2048, 3])"
20,1,/projects/reva/mpelissi/Dataset/ModelNet40/bookshelf/train/bookshelf_0279_SMPLER.obj,2909,4,"torch.Size([2048, 3])"
20,1,/projects/reva/mpelissi/Dataset/ModelNet40/monitor/train/monitor_0075_SMPLER.obj,8707,22,"torch.Size([2048, 3])"
21,1,/projects/reva/mpelissi/Dataset/ModelNet40/chair/train/chair_0272_SMPLER.obj,367,8,"torch.Size([2048, 3])"
21,1,/projects/reva/mpelissi/Dataset/ModelNet40/tv_stand/train/tv_stand_0197_SMPLER.obj,6005,36,"torch.Size([2048, 3])"
21,1,/projects/reva/mpelissi/Dataset/ModelNet40/chair/train/chair_0069_SMPLER.obj,3956,8,"torch.Size([2048, 3])"
21,1,/projects/reva/mpelissi/Dataset/ModelNet40/table/train/table_0202_SMPLER.obj,5037,33,"torch.Size([2048, 3])"
21,1,/projects/reva/mpelissi/Dataset/ModelNet40/airplane/train/airplane_0329_SMPLER.obj,56132,0,"torch.Size([2048, 3])"
21,1,/projects/reva/mpelissi/Dataset/ModelNet40/bench/train/bench_0054_SMPLER.obj,328,3,"torch.Size([2048, 3])"
21,1,/projects/reva/mpelissi/Dataset/ModelNet40/chair/train/chair_0258_SMPLER.obj,46337,8,"torch.Size([2048, 3])"
21,1,/projects/reva/mpelissi/Dataset/ModelNet40/cone/train/cone_0136_SMPLER.obj,144,9,"torch.Size([2048, 3])"
21,1,/projects/reva/mpelissi/Dataset/ModelNet40/desk/train/desk_0145_SMPLER.obj,21043,12,"torch.Size([2048, 3])"
21,1,/projects/reva/mpelissi/Dataset/ModelNet40/chair/train/chair_0807_SMPLER.obj,69963,8,"torch.Size([2048, 3])"
21,1,/projects/reva/mpelissi/Dataset/ModelNet40/cup/train/cup_0046_SMPLER.obj,840,10,"torch.Size([2048, 3])"
21,1,/projects/reva/mpelissi/Dataset/ModelNet40/table/train/table_0245_SMPLER.obj,510,33,"torch.Size([2048, 3])"
21,1,/projects/reva/mpelissi/Dataset/ModelNet40/bookshelf/train/bookshelf_0216_SMPLER.obj,221,4,"torch.Size([2048, 3])"
21,1,/projects/reva/mpelissi/Dataset/ModelNet40/flower_pot/train/flower_pot_0053_SMPLER.obj,54043,15,"torch.Size([2048, 3])"
21,1,/projects/reva/mpelissi/Dataset/ModelNet40/monitor/train/monitor_0298_SMPLER.obj,482,22,"torch.Size([2048, 3])"
21,1,/projects/reva/mpelissi/Dataset/ModelNet40/bench/train/bench_0028_SMPLER.obj,1676,3,"torch.Size([2048, 3])"
22,1,/projects/reva/mpelissi/Dataset/ModelNet40/night_stand/train/night_stand_0117_SMPLER.obj,1367,23,"torch.Size([2048, 3])"
22,1,/projects/reva/mpelissi/Dataset/ModelNet40/toilet/train/toilet_0073_SMPLER.obj,6579,35,"torch.Size([2048, 3])"
22,1,/projects/reva/mpelissi/Dataset/ModelNet40/plant/train/plant_0232_SMPLER.obj,5037,26,"torch.Size([2048, 3])"
22,1,/projects/reva/mpelissi/Dataset/ModelNet40/glass_box/train/glass_box_0112_SMPLER.obj,2625,16,"torch.Size([2048, 3])"
22,1,/projects/reva/mpelissi/Dataset/ModelNet40/chair/train/chair_0577_SMPLER.obj,9001,8,"torch.Size([2048, 3])"
22,1,/projects/reva/mpelissi/Dataset/ModelNet40/chair/train/chair_0272_SMPLER.obj,367,8,"torch.Size([2048, 3])"
22,1,/projects/reva/mpelissi/Dataset/ModelNet40/monitor/train/monitor_0379_SMPLER.obj,1061,22,"torch.Size([2048, 3])"
22,1,/projects/reva/mpelissi/Dataset/ModelNet40/bookshelf/train/bookshelf_0321_SMPLER.obj,11771,4,"torch.Size([2048, 3])"
22,1,/projects/reva/mpelissi/Dataset/ModelNet40/airplane/train/airplane_0347_SMPLER.obj,15229,0,"torch.Size([2048, 3])"
22,1,/projects/reva/mpelissi/Dataset/ModelNet40/piano/train/piano_0151_SMPLER.obj,1986,25,"torch.Size([2048, 3])"
22,1,/projects/reva/mpelissi/Dataset/ModelNet40/piano/train/piano_0223_SMPLER.obj,4030,25,"torch.Size([2048, 3])"
22,1,/projects/reva/mpelissi/Dataset/ModelNet40/monitor/train/monitor_0089_SMPLER.obj,650,22,"torch.Size([2048, 3])"
22,1,/projects/reva/mpelissi/Dataset/ModelNet40/bookshelf/train/bookshelf_0138_SMPLER.obj,2006,4,"torch.Size([2048, 3])"
22,1,/projects/reva/mpelissi/Dataset/ModelNet40/monitor/train/monitor_0235_SMPLER.obj,228,22,"torch.Size([2048, 3])"
22,1,/projects/reva/mpelissi/Dataset/ModelNet40/dresser/train/dresser_0111_SMPLER.obj,10425,14,"torch.Size([2048, 3])"
22,1,/projects/reva/mpelissi/Dataset/ModelNet40/sofa/train/sofa_0618_SMPLER.obj,79773,30,"torch.Size([2048, 3])"
23,1,/projects/reva/mpelissi/Dataset/ModelNet40/guitar/train/guitar_0001_SMPLER.obj,18012,17,"torch.Size([2048, 3])"
23,1,/projects/reva/mpelissi/Dataset/ModelNet40/person/train/person_0042_SMPLER.obj,12234,24,"torch.Size([2048, 3])"
23,1,/projects/reva/mpelissi/Dataset/ModelNet40/chair/train/chair_0036_SMPLER.obj,14480,8,"torch.Size([2048, 3])"
23,1,/projects/reva/mpelissi/Dataset/ModelNet40/cup/train/cup_0016_SMPLER.obj,5724,10,"torch.Size([2048, 3])"
23,1,/projects/reva/mpelissi/Dataset/ModelNet40/desk/train/desk_0173_SMPLER.obj,273,12,"torch.Size([2048, 3])"
23,1,/projects/reva/mpelissi/Dataset/ModelNet40/tent/train/tent_0158_SMPLER.obj,97364,34,"torch.Size([2048, 3])"
23,1,/projects/reva/mpelissi/Dataset/ModelNet40/radio/train/radio_0019_SMPLER.obj,981,27,"torch.Size([2048, 3])"
23,1,/projects/reva/mpelissi/Dataset/ModelNet40/plant/train/plant_0068_SMPLER.obj,104553,26,"torch.Size([2048, 3])"
23,1,/projects/reva/mpelissi/Dataset/ModelNet40/bookshelf/train/bookshelf_0512_SMPLER.obj,684,4,"torch.Size([2048, 3])"
23,1,/projects/reva/mpelissi/Dataset/ModelNet40/vase/train/vase_0407_SMPLER.obj,5216,37,"torch.Size([2048, 3])"
23,1,/projects/reva/mpelissi/Dataset/ModelNet40/monitor/train/monitor_0298_SMPLER.obj,482,22,"torch.Size([2048, 3])"
23,1,/projects/reva/mpelissi/Dataset/ModelNet40/chair/train/chair_0186_SMPLER.obj,12744,8,"torch.Size([2048, 3])"
23,1,/projects/reva/mpelissi/Dataset/ModelNet40/vase/train/vase_0120_SMPLER.obj,7984,37,"torch.Size([2048, 3])"
23,1,/projects/reva/mpelissi/Dataset/ModelNet40/curtain/train/curtain_0040_SMPLER.obj,70741,11,"torch.Size([2048, 3])"
23,1,/projects/reva/mpelissi/Dataset/ModelNet40/person/train/person_0058_SMPLER.obj,668,24,"torch.Size([2048, 3])"
23,1,/projects/reva/mpelissi/Dataset/ModelNet40/keyboard/train/keyboard_0007_SMPLER.obj,2800,18,"torch.Size([2048, 3])"
24,1,/projects/reva/mpelissi/Dataset/ModelNet40/car/train/car_0102_SMPLER.obj,3161,7,"torch.Size([2048, 3])"
24,1,/projects/reva/mpelissi/Dataset/ModelNet40/sofa/train/sofa_0281_SMPLER.obj,18891,30,"torch.Size([2048, 3])"
24,1,/projects/reva/mpelissi/Dataset/ModelNet40/cone/train/cone_0038_SMPLER.obj,156,9,"torch.Size([2048, 3])"
24,1,/projects/reva/mpelissi/Dataset/ModelNet40/lamp/train/lamp_0070_SMPLER.obj,19987,19,"torch.Size([2048, 3])"
24,1,/projects/reva/mpelissi/Dataset/ModelNet40/night_stand/train/night_stand_0155_SMPLER.obj,264,23,"torch.Size([2048, 3])"
24,1,/projects/reva/mpelissi/Dataset/ModelNet40/chair/train/chair_0772_SMPLER.obj,8059,8,"torch.Size([2048, 3])"
24,1,/projects/reva/mpelissi/Dataset/ModelNet40/bed/train/bed_0025_SMPLER.obj,94460,2,"torch.Size([2048, 3])"
24,1,/projects/reva/mpelissi/Dataset/ModelNet40/airplane/train/airplane_0062_SMPLER.obj,23624,0,"torch.Size([2048, 3])"
24,1,/projects/reva/mpelissi/Dataset/ModelNet40/sofa/train/sofa_0254_SMPLER.obj,574,30,"torch.Size([2048, 3])"
24,1,/projects/reva/mpelissi/Dataset/ModelNet40/monitor/train/monitor_0305_SMPLER.obj,52886,22,"torch.Size([2048, 3])"
24,1,/projects/reva/mpelissi/Dataset/ModelNet40/toilet/train/toilet_0181_SMPLER.obj,5226,35,"torch.Size([2048, 3])"
24,1,/projects/reva/mpelissi/Dataset/ModelNet40/chair/train/chair_0335_SMPLER.obj,3497,8,"torch.Size([2048, 3])"
24,1,/projects/reva/mpelissi/Dataset/ModelNet40/plant/train/plant_0001_SMPLER.obj,99318,26,"torch.Size([2048, 3])"
24,1,/projects/reva/mpelissi/Dataset/ModelNet40/dresser/train/dresser_0157_SMPLER.obj,89870,14,"torch.Size([2048, 3])"
24,1,/projects/reva/mpelissi/Dataset/ModelNet40/airplane/train/airplane_0142_SMPLER.obj,71970,0,"torch.Size([2048, 3])"
24,1,/projects/reva/mpelissi/Dataset/ModelNet40/glass_box/train/glass_box_0008_SMPLER.obj,628,16,"torch.Size([2048, 3])"
25,1,/projects/reva/mpelissi/Dataset/ModelNet40/toilet/train/toilet_0315_SMPLER.obj,6511,35,"torch.Size([2048, 3])"
25,1,/projects/reva/mpelissi/Dataset/ModelNet40/airplane/train/airplane_0090_SMPLER.obj,12529,0,"torch.Size([2048, 3])"
25,1,/projects/reva/mpelissi/Dataset/ModelNet40/monitor/train/monitor_0422_SMPLER.obj,1512,22,"torch.Size([2048, 3])"
25,1,/projects/reva/mpelissi/Dataset/ModelNet40/sofa/train/sofa_0597_SMPLER.obj,15363,30,"torch.Size([2048, 3])"
25,1,/projects/reva/mpelissi/Dataset/ModelNet40/monitor/train/monitor_0030_SMPLER.obj,433,22,"torch.Size([2048, 3])"
25,1,/projects/reva/mpelissi/Dataset/ModelNet40/curtain/train/curtain_0061_SMPLER.obj,44417,11,"torch.Size([2048, 3])"
25,1,/projects/reva/mpelissi/Dataset/ModelNet40/airplane/train/airplane_0612_SMPLER.obj,58963,0,"torch.Size([2048, 3])"
25,1,/projects/reva/mpelissi/Dataset/ModelNet40/keyboard/train/keyboard_0137_SMPLER.obj,9735,18,"torch.Size([2048, 3])"
25,1,/projects/reva/mpelissi/Dataset/ModelNet40/sofa/train/sofa_0187_SMPLER.obj,12128,30,"torch.Size([2048, 3])"
25,1,/projects/reva/mpelissi/Dataset/ModelNet40/airplane/train/airplane_0512_SMPLER.obj,44528,0,"torch.Size([2048, 3])"
25,1,/projects/reva/mpelissi/Dataset/ModelNet40/table/train/table_0285_SMPLER.obj,1262,33,"torch.Size([2048, 3])"
25,1,/projects/reva/mpelissi/Dataset/ModelNet40/cone/train/cone_0130_SMPLER.obj,96,9,"torch.Size([2048, 3])"
25,1,/projects/reva/mpelissi/Dataset/ModelNet40/bed/train/bed_0393_SMPLER.obj,2482,2,"torch.Size([2048, 3])"
25,1,/projects/reva/mpelissi/Dataset/ModelNet40/mantel/train/mantel_0058_SMPLER.obj,23695,21,"torch.Size([2048, 3])"
25,1,/projects/reva/mpelissi/Dataset/ModelNet40/bench/train/bench_0130_SMPLER.obj,517,3,"torch.Size([2048, 3])"
25,1,/projects/reva/mpelissi/Dataset/ModelNet40/chair/train/chair_0489_SMPLER.obj,289,8,"torch.Size([2048, 3])"
26,1,/projects/reva/mpelissi/Dataset/ModelNet40/airplane/train/airplane_0197_SMPLER.obj,5514,0,"torch.Size([2048, 3])"
26,1,/projects/reva/mpelissi/Dataset/ModelNet40/bowl/train/bowl_0034_SMPLER.obj,1459,6,"torch.Size([2048, 3])"
26,1,/projects/reva/mpelissi/Dataset/ModelNet40/xbox/train/xbox_0064_SMPLER.obj,5995,39,"torch.Size([2048, 3])"
26,1,/projects/reva/mpelissi/Dataset/ModelNet40/bookshelf/train/bookshelf_0386_SMPLER.obj,76613,4,"torch.Size([2048, 3])"
26,1,/projects/reva/mpelissi/Dataset/ModelNet40/bathtub/train/bathtub_0056_SMPLER.obj,385,1,"torch.Size([2048, 3])"
26,1,/projects/reva/mpelissi/Dataset/ModelNet40/chair/train/chair_0466_SMPLER.obj,10052,8,"torch.Size([2048, 3])"
26,1,/projects/reva/mpelissi/Dataset/ModelNet40/airplane/train/airplane_0255_SMPLER.obj,13678,0,"torch.Size([2048, 3])"
26,1,/projects/reva/mpelissi/Dataset/ModelNet40/monitor/train/monitor_0051_SMPLER.obj,867,22,"torch.Size([2048, 3])"
26,1,/projects/reva/mpelissi/Dataset/ModelNet40/chair/train/chair_0381_SMPLER.obj,536,8,"torch.Size([2048, 3])"
26,1,/projects/reva/mpelissi/Dataset/ModelNet40/guitar/train/guitar_0141_SMPLER.obj,68057,17,"torch.Size([2048, 3])"
26,1,/projects/reva/mpelissi/Dataset/ModelNet40/guitar/train/guitar_0134_SMPLER.obj,20115,17,"torch.Size([2048, 3])"
26,1,/projects/reva/mpelissi/Dataset/ModelNet40/table/train/table_0068_SMPLER.obj,35462,33,"torch.Size([2048, 3])"
26,1,/projects/reva/mpelissi/Dataset/ModelNet40/piano/train/piano_0165_SMPLER.obj,27205,25,"torch.Size([2048, 3])"
26,1,/projects/reva/mpelissi/Dataset/ModelNet40/bookshelf/train/bookshelf_0316_SMPLER.obj,67259,4,"torch.Size([2048, 3])"
26,1,/projects/reva/mpelissi/Dataset/ModelNet40/vase/train/vase_0131_SMPLER.obj,6342,37,"torch.Size([2048, 3])"
26,1,/projects/reva/mpelissi/Dataset/ModelNet40/plant/train/plant_0110_SMPLER.obj,66655,26,"torch.Size([2048, 3])"
27,1,/projects/reva/mpelissi/Dataset/ModelNet40/flower_pot/train/flower_pot_0126_SMPLER.obj,22376,15,"torch.Size([2048, 3])"
27,1,/projects/reva/mpelissi/Dataset/ModelNet40/plant/train/plant_0200_SMPLER.obj,15395,26,"torch.Size([2048, 3])"
27,1,/projects/reva/mpelissi/Dataset/ModelNet40/sofa/train/sofa_0029_SMPLER.obj,1722,30,"torch.Size([2048, 3])"
27,1,/projects/reva/mpelissi/Dataset/ModelNet40/monitor/train/monitor_0147_SMPLER.obj,1289,22,"torch.Size([2048, 3])"
27,1,/projects/reva/mpelissi/Dataset/ModelNet40/door/train/door_0047_SMPLER.obj,4565,13,"torch.Size([2048, 3])"
27,1,/projects/reva/mpelissi/Dataset/ModelNet40/tent/train/tent_0130_SMPLER.obj,204,34,"torch.Size([2048, 3])"
27,1,/projects/reva/mpelissi/Dataset/ModelNet40/chair/train/chair_0165_SMPLER.obj,214,8,"torch.Size([2048, 3])"
27,1,/projects/reva/mpelissi/Dataset/ModelNet40/bookshelf/train/bookshelf_0401_SMPLER.obj,101,4,"torch.Size([2048, 3])"
27,1,/projects/reva/mpelissi/Dataset/ModelNet40/table/train/table_0045_SMPLER.obj,22221,33,"torch.Size([2048, 3])"
27,1,/projects/reva/mpelissi/Dataset/ModelNet40/bookshelf/train/bookshelf_0144_SMPLER.obj,249,4,"torch.Size([2048, 3])"
27,1,/projects/reva/mpelissi/Dataset/ModelNet40/tv_stand/train/tv_stand_0188_SMPLER.obj,6940,36,"torch.Size([2048, 3])"
27,1,/projects/reva/mpelissi/Dataset/ModelNet40/tv_stand/train/tv_stand_0149_SMPLER.obj,371,36,"torch.Size([2048, 3])"
27,1,/projects/reva/mpelissi/Dataset/ModelNet40/desk/train/desk_0086_SMPLER.obj,230,12,"torch.Size([2048, 3])"
27,1,/projects/reva/mpelissi/Dataset/ModelNet40/airplane/train/airplane_0162_SMPLER.obj,24618,0,"torch.Size([2048, 3])"
27,1,/projects/reva/mpelissi/Dataset/ModelNet40/mantel/train/mantel_0150_SMPLER.obj,4626,21,"torch.Size([2048, 3])"
27,1,/projects/reva/mpelissi/Dataset/ModelNet40/laptop/train/laptop_0116_SMPLER.obj,24471,20,"torch.Size([2048, 3])"
28,1,/projects/reva/mpelissi/Dataset/ModelNet40/range_hood/train/range_hood_0102_SMPLER.obj,4491,28,"torch.Size([2048, 3])"
28,1,/projects/reva/mpelissi/Dataset/ModelNet40/desk/train/desk_0107_SMPLER.obj,472,12,"torch.Size([2048, 3])"
28,1,/projects/reva/mpelissi/Dataset/ModelNet40/xbox/train/xbox_0015_SMPLER.obj,37232,39,"torch.Size([2048, 3])"
28,1,/projects/reva/mpelissi/Dataset/ModelNet40/chair/train/chair_0118_SMPLER.obj,1514,8,"torch.Size([2048, 3])"
28,1,/projects/reva/mpelissi/Dataset/ModelNet40/sofa/train/sofa_0356_SMPLER.obj,4499,30,"torch.Size([2048, 3])"
28,1,/projects/reva/mpelissi/Dataset/ModelNet40/radio/train/radio_0039_SMPLER.obj,5631,27,"torch.Size([2048, 3])"
28,1,/projects/reva/mpelissi/Dataset/ModelNet40/airplane/train/airplane_0381_SMPLER.obj,62831,0,"torch.Size([2048, 3])"
28,1,/projects/reva/mpelissi/Dataset/ModelNet40/chair/train/chair_0451_SMPLER.obj,13703,8,"torch.Size([2048, 3])"
28,1,/projects/reva/mpelissi/Dataset/ModelNet40/bench/train/bench_0054_SMPLER.obj,328,3,"torch.Size([2048, 3])"
28,1,/projects/reva/mpelissi/Dataset/ModelNet40/sofa/train/sofa_0334_SMPLER.obj,9050,30,"torch.Size([2048, 3])"
28,1,/projects/reva/mpelissi/Dataset/ModelNet40/airplane/train/airplane_0036_SMPLER.obj,144753,0,"torch.Size([2048, 3])"
28,1,/projects/reva/mpelissi/Dataset/ModelNet40/car/train/car_0189_SMPLER.obj,54241,7,"torch.Size([2048, 3])"
28,1,/projects/reva/mpelissi/Dataset/ModelNet40/bookshelf/train/bookshelf_0327_SMPLER.obj,170,4,"torch.Size([2048, 3])"
28,1,/projects/reva/mpelissi/Dataset/ModelNet40/monitor/train/monitor_0347_SMPLER.obj,1750,22,"torch.Size([2048, 3])"
28,1,/projects/reva/mpelissi/Dataset/ModelNet40/guitar/train/guitar_0134_SMPLER.obj,20115,17,"torch.Size([2048, 3])"
28,1,/projects/reva/mpelissi/Dataset/ModelNet40/car/train/car_0155_SMPLER.obj,89860,7,"torch.Size([2048, 3])"
29,1,/projects/reva/mpelissi/Dataset/ModelNet40/laptop/train/laptop_0013_SMPLER.obj,262,20,"torch.Size([2048, 3])"
29,1,/projects/reva/mpelissi/Dataset/ModelNet40/radio/train/radio_0026_SMPLER.obj,1475,27,"torch.Size([2048, 3])"
29,1,/projects/reva/mpelissi/Dataset/ModelNet40/toilet/train/toilet_0006_SMPLER.obj,1324,35,"torch.Size([2048, 3])"
29,1,/projects/reva/mpelissi/Dataset/ModelNet40/person/train/person_0074_SMPLER.obj,15117,24,"torch.Size([2048, 3])"
29,1,/projects/reva/mpelissi/Dataset/ModelNet40/glass_box/train/glass_box_0148_SMPLER.obj,1052,16,"torch.Size([2048, 3])"
29,1,/projects/reva/mpelissi/Dataset/ModelNet40/desk/train/desk_0035_SMPLER.obj,5177,12,"torch.Size([2048, 3])"
29,1,/projects/reva/mpelissi/Dataset/ModelNet40/vase/train/vase_0200_SMPLER.obj,9298,37,"torch.Size([2048, 3])"
29,1,/projects/reva/mpelissi/Dataset/ModelNet40/bookshelf/train/bookshelf_0030_SMPLER.obj,68704,4,"torch.Size([2048, 3])"
29,1,/projects/reva/mpelissi/Dataset/ModelNet40/airplane/train/airplane_0016_SMPLER.obj,25878,0,"torch.Size([2048, 3])"
29,1,/projects/reva/mpelissi/Dataset/ModelNet40/stool/train/stool_0007_SMPLER.obj,1868,32,"torch.Size([2048, 3])"
29,1,/projects/reva/mpelissi/Dataset/ModelNet40/flower_pot/train/flower_pot_0011_SMPLER.obj,31372,15,"torch.Size([2048, 3])"
29,1,/projects/reva/mpelissi/Dataset/ModelNet40/night_stand/train/night_stand_0180_SMPLER.obj,229,23,"torch.Size([2048, 3])"
29,1,/projects/reva/mpelissi/Dataset/ModelNet40/bookshelf/train/bookshelf_0570_SMPLER.obj,41545,4,"torch.Size([2048, 3])"
29,1,/projects/reva/mpelissi/Dataset/ModelNet40/keyboard/train/keyboard_0077_SMPLER.obj,3266,18,"torch.Size([2048, 3])"
29,1,/projects/reva/mpelissi/Dataset/ModelNet40/table/train/table_0146_SMPLER.obj,2680,33,"torch.Size([2048, 3])"
29,1,/projects/reva/mpelissi/Dataset/ModelNet40/cone/train/cone_0102_SMPLER.obj,926,9,"torch.Size([2048, 3])"
30,1,/projects/reva/mpelissi/Dataset/ModelNet40/bed/train/bed_0121_SMPLER.obj,280,2,"torch.Size([2048, 3])"
30,1,/projects/reva/mpelissi/Dataset/ModelNet40/vase/train/vase_0298_SMPLER.obj,10224,37,"torch.Size([2048, 3])"
30,1,/projects/reva/mpelissi/Dataset/ModelNet40/dresser/train/dresser_0064_SMPLER.obj,69804,14,"torch.Size([2048, 3])"
30,1,/projects/reva/mpelissi/Dataset/ModelNet40/monitor/train/monitor_0264_SMPLER.obj,833,22,"torch.Size([2048, 3])"
30,1,/projects/reva/mpelissi/Dataset/ModelNet40/toilet/train/toilet_0298_SMPLER.obj,687,35,"torch.Size([2048, 3])"
30,1,/projects/reva/mpelissi/Dataset/ModelNet40/mantel/train/mantel_0122_SMPLER.obj,4199,21,"torch.Size([2048, 3])"
30,1,/projects/reva/mpelissi/Dataset/ModelNet40/cup/train/cup_0038_SMPLER.obj,684,10,"torch.Size([2048, 3])"
30,1,/projects/reva/mpelissi/Dataset/ModelNet40/monitor/train/monitor_0166_SMPLER.obj,3303,22,"torch.Size([2048, 3])"
30,1,/projects/reva/mpelissi/Dataset/ModelNet40/bookshelf/train/bookshelf_0428_SMPLER.obj,9512,4,"torch.Size([2048, 3])"
30,1,/projects/reva/mpelissi/Dataset/ModelNet40/bed/train/bed_0161_SMPLER.obj,109509,2,"torch.Size([2048, 3])"
30,1,/projects/reva/mpelissi/Dataset/ModelNet40/wardrobe/train/wardrobe_0053_SMPLER.obj,2260,38,"torch.Size([2048, 3])"
30,1,/projects/reva/mpelissi/Dataset/ModelNet40/sofa/train/sofa_0508_SMPLER.obj,21395,30,"torch.Size([2048, 3])"
30,1,/projects/reva/mpelissi/Dataset/ModelNet40/stool/train/stool_0090_SMPLER.obj,172,32,"torch.Size([2048, 3])"
30,1,/projects/reva/mpelissi/Dataset/ModelNet40/airplane/train/airplane_0464_SMPLER.obj,74323,0,"torch.Size([2048, 3])"
30,1,/projects/reva/mpelissi/Dataset/ModelNet40/desk/train/desk_0081_SMPLER.obj,322,12,"torch.Size([2048, 3])"
30,1,/projects/reva/mpelissi/Dataset/ModelNet40/toilet/train/toilet_0140_SMPLER.obj,41647,35,"torch.Size([2048, 3])"
31,1,/projects/reva/mpelissi/Dataset/ModelNet40/table/train/table_0255_SMPLER.obj,217,33,"torch.Size([2048, 3])"
31,1,/projects/reva/mpelissi/Dataset/ModelNet40/chair/train/chair_0104_SMPLER.obj,57256,8,"torch.Size([2048, 3])"
31,1,/projects/reva/mpelissi/Dataset/ModelNet40/keyboard/train/keyboard_0030_SMPLER.obj,2958,18,"torch.Size([2048, 3])"
31,1,/projects/reva/mpelissi/Dataset/ModelNet40/bench/train/bench_0021_SMPLER.obj,2520,3,"torch.Size([2048, 3])"
31,1,/projects/reva/mpelissi/Dataset/ModelNet40/cup/train/cup_0044_SMPLER.obj,1905,10,"torch.Size([2048, 3])"
31,1,/projects/reva/mpelissi/Dataset/ModelNet40/bookshelf/train/bookshelf_0565_SMPLER.obj,220,4,"torch.Size([2048, 3])"
31,1,/projects/reva/mpelissi/Dataset/ModelNet40/sofa/train/sofa_0118_SMPLER.obj,53943,30,"torch.Size([2048, 3])"
31,1,/projects/reva/mpelissi/Dataset/ModelNet40/vase/train/vase_0414_SMPLER.obj,120,37,"torch.Size([2048, 3])"
31,1,/projects/reva/mpelissi/Dataset/ModelNet40/chair/train/chair_0126_SMPLER.obj,54500,8,"torch.Size([2048, 3])"
31,1,/projects/reva/mpelissi/Dataset/ModelNet40/sofa/train/sofa_0382_SMPLER.obj,28410,30,"torch.Size([2048, 3])"
31,1,/projects/reva/mpelissi/Dataset/ModelNet40/airplane/train/airplane_0523_SMPLER.obj,21028,0,"torch.Size([2048, 3])"
31,1,/projects/reva/mpelissi/Dataset/ModelNet40/desk/train/desk_0002_SMPLER.obj,1730,12,"torch.Size([2048, 3])"
31,1,/projects/reva/mpelissi/Dataset/ModelNet40/keyboard/train/keyboard_0073_SMPLER.obj,5511,18,"torch.Size([2048, 3])"
31,1,/projects/reva/mpelissi/Dataset/ModelNet40/bed/train/bed_0442_SMPLER.obj,37413,2,"torch.Size([2048, 3])"
31,1,/projects/reva/mpelissi/Dataset/ModelNet40/tent/train/tent_0069_SMPLER.obj,246,34,"torch.Size([2048, 3])"
31,1,/projects/reva/mpelissi/Dataset/ModelNet40/bed/train/bed_0279_SMPLER.obj,3485,2,"torch.Size([2048, 3])"
32,1,/projects/reva/mpelissi/Dataset/ModelNet40/vase/train/vase_0195_SMPLER.obj,10977,37,"torch.Size([2048, 3])"
32,1,/projects/reva/mpelissi/Dataset/ModelNet40/chair/train/chair_0255_SMPLER.obj,4445,8,"torch.Size([2048, 3])"
32,1,/projects/reva/mpelissi/Dataset/ModelNet40/bottle/train/bottle_0258_SMPLER.obj,404,5,"torch.Size([2048, 3])"
32,1,/projects/reva/mpelissi/Dataset/ModelNet40/bookshelf/train/bookshelf_0053_SMPLER.obj,280,4,"torch.Size([2048, 3])"
32,1,/projects/reva/mpelissi/Dataset/ModelNet40/tv_stand/train/tv_stand_0088_SMPLER.obj,2379,36,"torch.Size([2048, 3])"
32,1,/projects/reva/mpelissi/Dataset/ModelNet40/monitor/train/monitor_0139_SMPLER.obj,2213,22,"torch.Size([2048, 3])"
32,1,/projects/reva/mpelissi/Dataset/ModelNet40/piano/train/piano_0023_SMPLER.obj,10624,25,"torch.Size([2048, 3])"
32,1,/projects/reva/mpelissi/Dataset/ModelNet40/bowl/train/bowl_0010_SMPLER.obj,1200,6,"torch.Size([2048, 3])"
32,1,/projects/reva/mpelissi/Dataset/ModelNet40/bookshelf/train/bookshelf_0504_SMPLER.obj,144,4,"torch.Size([2048, 3])"
32,1,/projects/reva/mpelissi/Dataset/ModelNet40/tv_stand/train/tv_stand_0053_SMPLER.obj,2296,36,"torch.Size([2048, 3])"
32,1,/projects/reva/mpelissi/Dataset/ModelNet40/table/train/table_0205_SMPLER.obj,10274,33,"torch.Size([2048, 3])"
32,1,/projects/reva/mpelissi/Dataset/ModelNet40/cone/train/cone_0007_SMPLER.obj,802,9,"torch.Size([2048, 3])"
32,1,/projects/reva/mpelissi/Dataset/ModelNet40/bookshelf/train/bookshelf_0466_SMPLER.obj,272,4,"torch.Size([2048, 3])"
32,1,/projects/reva/mpelissi/Dataset/ModelNet40/bed/train/bed_0293_SMPLER.obj,981,2,"torch.Size([2048, 3])"
32,1,/projects/reva/mpelissi/Dataset/ModelNet40/bookshelf/train/bookshelf_0146_SMPLER.obj,79845,4,"torch.Size([2048, 3])"
32,1,/projects/reva/mpelissi/Dataset/ModelNet40/table/train/table_0338_SMPLER.obj,1634,33,"torch.Size([2048, 3])"
33,1,/projects/reva/mpelissi/Dataset/ModelNet40/plant/train/plant_0007_SMPLER.obj,4049,26,"torch.Size([2048, 3])"
33,1,/projects/reva/mpelissi/Dataset/ModelNet40/tv_stand/train/tv_stand_0153_SMPLER.obj,1977,36,"torch.Size([2048, 3])"
33,1,/projects/reva/mpelissi/Dataset/ModelNet40/monitor/train/monitor_0225_SMPLER.obj,22894,22,"torch.Size([2048, 3])"
33,1,/projects/reva/mpelissi/Dataset/ModelNet40/airplane/train/airplane_0233_SMPLER.obj,27019,0,"torch.Size([2048, 3])"
33,1,/projects/reva/mpelissi/Dataset/ModelNet40/bookshelf/train/bookshelf_0310_SMPLER.obj,136,4,"torch.Size([2048, 3])"
33,1,/projects/reva/mpelissi/Dataset/ModelNet40/desk/train/desk_0053_SMPLER.obj,1250,12,"torch.Size([2048, 3])"
33,1,/projects/reva/mpelissi/Dataset/ModelNet40/bookshelf/train/bookshelf_0421_SMPLER.obj,288,4,"torch.Size([2048, 3])"
33,1,/projects/reva/mpelissi/Dataset/ModelNet40/chair/train/chair_0008_SMPLER.obj,26514,8,"torch.Size([2048, 3])"
33,1,/projects/reva/mpelissi/Dataset/ModelNet40/car/train/car_0107_SMPLER.obj,84557,7,"torch.Size([2048, 3])"
33,1,/projects/reva/mpelissi/Dataset/ModelNet40/chair/train/chair_0674_SMPLER.obj,2041,8,"torch.Size([2048, 3])"
33,1,/projects/reva/mpelissi/Dataset/ModelNet40/dresser/train/dresser_0198_SMPLER.obj,3726,14,"torch.Size([2048, 3])"
33,1,/projects/reva/mpelissi/Dataset/ModelNet40/stairs/train/stairs_0089_SMPLER.obj,13580,31,"torch.Size([2048, 3])"
33,1,/projects/reva/mpelissi/Dataset/ModelNet40/bookshelf/train/bookshelf_0490_SMPLER.obj,206,4,"torch.Size([2048, 3])"
33,1,/projects/reva/mpelissi/Dataset/ModelNet40/toilet/train/toilet_0179_SMPLER.obj,6308,35,"torch.Size([2048, 3])"
33,1,/projects/reva/mpelissi/Dataset/ModelNet40/stool/train/stool_0043_SMPLER.obj,56442,32,"torch.Size([2048, 3])"
33,1,/projects/reva/mpelissi/Dataset/ModelNet40/bottle/train/bottle_0139_SMPLER.obj,23386,5,"torch.Size([2048, 3])"
34,1,/projects/reva/mpelissi/Dataset/ModelNet40/sofa/train/sofa_0217_SMPLER.obj,1575,30,"torch.Size([2048, 3])"
34,1,/projects/reva/mpelissi/Dataset/ModelNet40/bottle/train/bottle_0252_SMPLER.obj,6823,5,"torch.Size([2048, 3])"
34,1,/projects/reva/mpelissi/Dataset/ModelNet40/bed/train/bed_0140_SMPLER.obj,818,2,"torch.Size([2048, 3])"
34,1,/projects/reva/mpelissi/Dataset/ModelNet40/airplane/train/airplane_0593_SMPLER.obj,81311,0,"torch.Size([2048, 3])"
34,1,/projects/reva/mpelissi/Dataset/ModelNet40/sofa/train/sofa_0134_SMPLER.obj,29227,30,"torch.Size([2048, 3])"
34,1,/projects/reva/mpelissi/Dataset/ModelNet40/bottle/train/bottle_0087_SMPLER.obj,10629,5,"torch.Size([2048, 3])"
34,1,/projects/reva/mpelissi/Dataset/ModelNet40/chair/train/chair_0605_SMPLER.obj,5751,8,"torch.Size([2048, 3])"
34,1,/projects/reva/mpelissi/Dataset/ModelNet40/night_stand/train/night_stand_0190_SMPLER.obj,711,23,"torch.Size([2048, 3])"
34,1,/projects/reva/mpelissi/Dataset/ModelNet40/bookshelf/train/bookshelf_0520_SMPLER.obj,92228,4,"torch.Size([2048, 3])"
34,1,/projects/reva/mpelissi/Dataset/ModelNet40/piano/train/piano_0154_SMPLER.obj,6542,25,"torch.Size([2048, 3])"
34,1,/projects/reva/mpelissi/Dataset/ModelNet40/sofa/train/sofa_0153_SMPLER.obj,2012,30,"torch.Size([2048, 3])"
34,1,/projects/reva/mpelissi/Dataset/ModelNet40/table/train/table_0255_SMPLER.obj,217,33,"torch.Size([2048, 3])"
34,1,/projects/reva/mpelissi/Dataset/ModelNet40/vase/train/vase_0093_SMPLER.obj,17065,37,"torch.Size([2048, 3])"
34,1,/projects/reva/mpelissi/Dataset/ModelNet40/tent/train/tent_0122_SMPLER.obj,10270,34,"torch.Size([2048, 3])"
34,1,/projects/reva/mpelissi/Dataset/ModelNet40/person/train/person_0022_SMPLER.obj,8926,24,"torch.Size([2048, 3])"
34,1,/projects/reva/mpelissi/Dataset/ModelNet40/table/train/table_0064_SMPLER.obj,2044,33,"torch.Size([2048, 3])"
35,1,/projects/reva/mpelissi/Dataset/ModelNet40/bottle/train/bottle_0107_SMPLER.obj,5794,5,"torch.Size([2048, 3])"
35,1,/projects/reva/mpelissi/Dataset/ModelNet40/bed/train/bed_0338_SMPLER.obj,19970,2,"torch.Size([2048, 3])"
35,1,/projects/reva/mpelissi/Dataset/ModelNet40/desk/train/desk_0146_SMPLER.obj,433,12,"torch.Size([2048, 3])"
35,1,/projects/reva/mpelissi/Dataset/ModelNet40/chair/train/chair_0105_SMPLER.obj,1778,8,"torch.Size([2048, 3])"
35,1,/projects/reva/mpelissi/Dataset/ModelNet40/bench/train/bench_0044_SMPLER.obj,84,3,"torch.Size([2048, 3])"
35,1,/projects/reva/mpelissi/Dataset/ModelNet40/chair/train/chair_0511_SMPLER.obj,8625,8,"torch.Size([2048, 3])"
35,1,/projects/reva/mpelissi/Dataset/ModelNet40/vase/train/vase_0399_SMPLER.obj,4832,37,"torch.Size([2048, 3])"
35,1,/projects/reva/mpelissi/Dataset/ModelNet40/door/train/door_0032_SMPLER.obj,4251,13,"torch.Size([2048, 3])"
35,1,/projects/reva/mpelissi/Dataset/ModelNet40/bed/train/bed_0334_SMPLER.obj,4092,2,"torch.Size([2048, 3])"
35,1,/projects/reva/mpelissi/Dataset/ModelNet40/bed/train/bed_0301_SMPLER.obj,64056,2,"torch.Size([2048, 3])"
35,1,/projects/reva/mpelissi/Dataset/ModelNet40/toilet/train/toilet_0174_SMPLER.obj,9501,35,"torch.Size([2048, 3])"
35,1,/projects/reva/mpelissi/Dataset/ModelNet40/sofa/train/sofa_0516_SMPLER.obj,27141,30,"torch.Size([2048, 3])"
35,1,/projects/reva/mpelissi/Dataset/ModelNet40/table/train/table_0311_SMPLER.obj,1983,33,"torch.Size([2048, 3])"
35,1,/projects/reva/mpelissi/Dataset/ModelNet40/bottle/train/bottle_0225_SMPLER.obj,5588,5,"torch.Size([2048, 3])"
35,1,/projects/reva/mpelissi/Dataset/ModelNet40/keyboard/train/keyboard_0009_SMPLER.obj,63100,18,"torch.Size([2048, 3])"
35,1,/projects/reva/mpelissi/Dataset/ModelNet40/desk/train/desk_0039_SMPLER.obj,283,12,"torch.Size([2048, 3])"
36,1,/projects/reva/mpelissi/Dataset/ModelNet40/bookshelf/train/bookshelf_0290_SMPLER.obj,221,4,"torch.Size([2048, 3])"
36,1,/projects/reva/mpelissi/Dataset/ModelNet40/wardrobe/train/wardrobe_0016_SMPLER.obj,1286,38,"torch.Size([2048, 3])"
36,1,/projects/reva/mpelissi/Dataset/ModelNet40/stool/train/stool_0023_SMPLER.obj,14585,32,"torch.Size([2048, 3])"
36,1,/projects/reva/mpelissi/Dataset/ModelNet40/vase/train/vase_0354_SMPLER.obj,14334,37,"torch.Size([2048, 3])"
36,1,/projects/reva/mpelissi/Dataset/ModelNet40/desk/train/desk_0002_SMPLER.obj,1730,12,"torch.Size([2048, 3])"
36,1,/projects/reva/mpelissi/Dataset/ModelNet40/bathtub/train/bathtub_0098_SMPLER.obj,1399,1,"torch.Size([2048, 3])"
36,1,/projects/reva/mpelissi/Dataset/ModelNet40/airplane/train/airplane_0160_SMPLER.obj,16096,0,"torch.Size([2048, 3])"
36,1,/projects/reva/mpelissi/Dataset/ModelNet40/bookshelf/train/bookshelf_0472_SMPLER.obj,216,4,"torch.Size([2048, 3])"
36,1,/projects/reva/mpelissi/Dataset/ModelNet40/night_stand/train/night_stand_0185_SMPLER.obj,3223,23,"torch.Size([2048, 3])"
36,1,/projects/reva/mpelissi/Dataset/ModelNet40/airplane/train/airplane_0035_SMPLER.obj,66227,0,"torch.Size([2048, 3])"
36,1,/projects/reva/mpelissi/Dataset/ModelNet40/chair/train/chair_0851_SMPLER.obj,13777,8,"torch.Size([2048, 3])"
36,1,/projects/reva/mpelissi/Dataset/ModelNet40/vase/train/vase_0448_SMPLER.obj,11944,37,"torch.Size([2048, 3])"
36,1,/projects/reva/mpelissi/Dataset/ModelNet40/sink/train/sink_0049_SMPLER.obj,24747,29,"torch.Size([2048, 3])"
36,1,/projects/reva/mpelissi/Dataset/ModelNet40/bottle/train/bottle_0064_SMPLER.obj,1548,5,"torch.Size([2048, 3])"
36,1,/projects/reva/mpelissi/Dataset/ModelNet40/piano/train/piano_0068_SMPLER.obj,2933,25,"torch.Size([2048, 3])"
36,1,/projects/reva/mpelissi/Dataset/ModelNet40/curtain/train/curtain_0068_SMPLER.obj,9806,11,"torch.Size([2048, 3])"
